Title,Price,Rating
"iPhone 16 128 GB: 5G Mobile Phone with Camera Control, A18 Chip and a Big Boost in Battery Life. Works with AirPods; Black","73,500",4.4 out of 5 stars
Apple iPhone 15 (128 GB) - Black,"59,300",4.5 out of 5 stars
"iPhone 16 128 GB: 5G Mobile Phone with Camera Control, A18 Chip and a Big Boost in Battery Life. Works with AirPods; Teal","73,500",4.4 out of 5 stars
"iPhone 16 128 GB: 5G Mobile Phone with Camera Control, A18 Chip and a Big Boost in Battery Life. Works with AirPods; White","73,500",4.4 out of 5 stars
"iPhone 16 256 GB: 5G Mobile Phone with Camera Control, A18 Chip and a Big Boost in Battery Life. Works with AirPods; Black","83,500",4.4 out of 5 stars
"iPhone 16 Pro Max 256 GB: 5G Mobile Phone with Camera Control, 4K 120 fps Dolby Vision and a Huge Leap in Battery Life. Works with AirPods; Natural Titanium","1,34,900",4.3 out of 5 stars
"iPhone 16 Pro Max 256 GB: 5G Mobile Phone with Camera Control, 4K 120 fps Dolby Vision and a Huge Leap in Battery Life. Works with AirPods; Desert Titanium","1,35,900",4.3 out of 5 stars
"iPhone 16 Pro Max 1 TB: 5G Mobile Phone with Camera Control, 4K 120 fps Dolby Vision and a Huge Leap in Battery Life. Works with AirPods; White Titanium","1,72,900",4.3 out of 5 stars
"iPhone 16 128 GB: 5G Mobile Phone with Camera Control, A18 Chip and a Big Boost in Battery Life. Works with AirPods; Black","73,500",4.4 out of 5 stars
"iPhone 16 Pro 256 GB: 5G Mobile Phone with Camera Control, 4K 120 fps Dolby Vision and a Huge Leap in Battery Life. Works with AirPods; Black Titanium","1,21,900",4.4 out of 5 stars
"iPhone 16 128 GB: 5G Mobile Phone with Camera Control, A18 Chip and a Big Boost in Battery Life. Works with AirPods; Ultramarine","73,500",4.4 out of 5 stars
"iPhone 16 256 GB: 5G Mobile Phone with Camera Control, A18 Chip and a Big Boost in Battery Life. Works with AirPods; Ultramarine","83,500",4.4 out of 5 stars
"iPhone 16 128 GB: 5G Mobile Phone with Camera Control, A18 Chip and a Big Boost in Battery Life. Works with AirPods; Pink","73,500",4.4 out of 5 stars
"iPhone 16 256 GB: 5G Mobile Phone with Camera Control, A18 Chip and a Big Boost in Battery Life. Works with AirPods; White","83,500",4.4 out of 5 stars
"iPhone 16 Pro 128 GB: 5G Mobile Phone with Camera Control, 4K 120 fps Dolby Vision and a Huge Leap in Battery Life. Works with AirPods; Desert Titanium","1,11,900",4.4 out of 5 stars
"iPhone 16 Plus 128 GB: 5G Mobile Phone with Camera Control, A18 Chip and a Big Boost in Battery Life. Works with AirPods; Teal","82,900",4.5 out of 5 stars
"iPhone 16 256 GB: 5G Mobile Phone with Camera Control, A18 Chip and a Big Boost in Battery Life. Works with AirPods; Teal","83,500",4.4 out of 5 stars
"iPhone 16 Plus 128 GB: 5G Mobile Phone with Camera Control, A18 Chip and a Big Boost in Battery Life. Works with AirPods; Ultrmarine","82,900",4.5 out of 5 stars
"Samsung Galaxy S25 Ultra 5G Smartphone with Galaxy AI (Titanium Whitesilver, 12GB RAM, 512GB Storage), Titanium Frame, Snapdragon 8 Elite, 200 MP Camera with ProVisual Engine and 5000mAh Battery","1,29,999",4.2 out of 5 stars
"OnePlus 13 | Smarter with OnePlus AI | Lifetime Display Warranty (16GB RAM, 512GB Storage Midnight Ocean)","76,997",4.4 out of 5 stars
